{
  "validation": {
    "ensemble_v2": {
      "accuracy": 0.6479400749063671,
      "brier_score": 0.22214539262693833,
      "log_loss": 0.6359498867011476,
      "mean_calibration_error": 0.04816501363465298,
      "roi_3pct": 0.35714285714285715,
      "roi_5pct": 0.37349397590361444
    },
    "ensemble_v1": {
      "accuracy": 0.6554307116104869,
      "brier_score": 0.22108044401059965,
      "log_loss": 0.6331753581841383,
      "mean_calibration_error": 0.043196522615353616,
      "roi_3pct": 0.3652694610778443,
      "roi_5pct": 0.3696969696969697
    },
    "differences": {
      "accuracy": -0.0074906367041198685,
      "brier_score": 0.0010649486163386845,
      "log_loss": 0.0027745285170093226,
      "mean_calibration_error": 0.004968491019299366,
      "roi_3pct": -0.008126603934987153,
      "roi_5pct": 0.0037970062066447485
    }
  },
  "test": {
    "ensemble_v2": {
      "accuracy": 0.5917602996254682,
      "brier_score": 0.23891999913626225,
      "log_loss": 0.6711041768711385,
      "mean_calibration_error": 0.05690368323237274,
      "roi_3pct": 0.36585365853658536,
      "roi_5pct": 0.37037037037037035
    },
    "ensemble_v1": {
      "accuracy": 0.5917602996254682,
      "brier_score": 0.23724846112356981,
      "log_loss": 0.6671438089620335,
      "mean_calibration_error": 0.1039962138889403,
      "roi_3pct": 0.36645962732919257,
      "roi_5pct": 0.3625
    },
    "differences": {
      "accuracy": 0.0,
      "brier_score": 0.0016715380126924306,
      "log_loss": 0.003960367909105034,
      "mean_calibration_error": -0.04709253065656756,
      "roi_3pct": -0.0006059687926072144,
      "roi_5pct": 0.007870370370370361
    }
  }
}