{
  "ft_transformer": 0.5717502207967712,
  "gbm": 0.10422353524690739
}