{
  "test_season": 2025,
  "test_weeks": [
    1,
    2,
    3,
    4,
    5,
    6,
    7,
    8,
    9,
    10,
    11,
    12,
    13
  ],
  "n_games": 182,
  "actual_home_win_rate": 0.5439560439560439,
  "naive_baseline": {
    "accuracy": 0.45604395604395603,
    "brier_score": 0.25,
    "log_loss": 0.6931471805599453,
    "auc_roc": 0.5,
    "precision": 0.0,
    "recall": 0.0,
    "mean_calibration_error": 0.04395604395604391,
    "expected_calibration_error": 0.0
  },
  "home_bias_baseline": {
    "accuracy": 0.5439560439560439,
    "brier_score": 0.24806786619973442,
    "log_loss": 0.6892779199864544,
    "auc_roc": 0.5,
    "precision": 0.5439560439560439,
    "recall": 1.0,
    "mean_calibration_error": 0.0,
    "expected_calibration_error": 0.0
  },
  "calibrated": {
    "accuracy": 0.5714285714285714,
    "brier_score": 0.358083657020228,
    "log_loss": 1.303941164204436,
    "auc_roc": 0.6117804551539492,
    "precision": 0.6019417475728155,
    "recall": 0.6262626262626263,
    "mean_calibration_error": 0.21140005266204387,
    "expected_calibration_error": 0.3282139642706162
  },
  "raw": {
    "accuracy": 0.5769230769230769,
    "brier_score": 0.2613783049361644,
    "log_loss": 0.7319295436257179,
    "auc_roc": 0.6293050991846173,
    "precision": 0.6037735849056604,
    "recall": 0.6464646464646465,
    "mean_calibration_error": 0.18071630243979736,
    "expected_calibration_error": 0.17293784096018294
  }
}