model,accuracy,brier_score,log_loss,mean_calibration_error
logistic_regression,0.6292134831460674,0.23444689149350592,0.6629089523867663,0.10001456327580223
gradient_boosting,0.6067415730337079,0.2528633384861054,0.7118352250046052,0.1518560685508929
ft_transformer,0.5842696629213483,0.23789921377305523,0.6689551462060057,0.08802202098344236
ensemble,0.5543071161048689,0.3335463807066396,1.0982165754647606,0.23296029052083847
