{
  "validation": {
    "ensemble": {
      "accuracy": 0.6554307116104869,
      "brier_score": 0.22092651304501512,
      "log_loss": 0.6328810312131449,
      "mean_calibration_error": 0.07337695658041343,
      "roi_3pct": 0.3727810650887574,
      "roi_5pct": 0.3696969696969697
    },
    "baseline_gbm": {
      "accuracy": 0.6479400749063671,
      "brier_score": 0.2298912888449272,
      "log_loss": 0.6578397344078774,
      "mean_calibration_error": 0.11795140379812234,
      "roi_3pct": 0.3987730061349693,
      "roi_5pct": 0.4074074074074074
    },
    "improvements": {
      "accuracy": 0.0074906367041198685,
      "brier_score": 0.00896477579991209,
      "log_loss": 0.02495870319473248,
      "mean_calibration_error": 0.04457444721770891,
      "roi_3pct": -0.025991941046211886,
      "roi_5pct": -0.037710437710437694
    }
  },
  "test": {
    "ensemble": {
      "accuracy": 0.599250936329588,
      "brier_score": 0.23773522134921357,
      "log_loss": 0.6683245391787592,
      "mean_calibration_error": 0.08948861017261148,
      "roi_3pct": 0.36645962732919257,
      "roi_5pct": 0.36645962732919257
    },
    "baseline_gbm": {
      "accuracy": 0.5955056179775281,
      "brier_score": 0.25001105144780666,
      "log_loss": 0.7034056722165191,
      "mean_calibration_error": 0.14744158609356856,
      "roi_3pct": 0.3333333333333333,
      "roi_5pct": 0.35365853658536583
    },
    "improvements": {
      "accuracy": 0.0037453183520599342,
      "brier_score": 0.012275830098593093,
      "log_loss": 0.03508113303775984,
      "mean_calibration_error": 0.05795297592095708,
      "roi_3pct": 0.03312629399585926,
      "roi_5pct": 0.012801090743826737
    }
  }
}