{
  "ft_transformer": 0.4169564073118681,
  "tabnet": -0.002206277062449663,
  "gbm": 0.3113193038803337
}